portal,question_text,option_a,option_b,option_c,option_d,correct_option,topic_tag,is_active,sort_order
chief-mate-master,Which publication gives routeing measures adopted by the IMO?,Admiralty List of Lights,Ships' Routeing,International Code of Signals,Load Line Rules,B,passage-planning,1,1
chief-mate-master,What is the principal purpose of an ocean passages publication?,To replace all charts,To list only radio frequencies,To prescribe engine-room watches,"To provide planning guidance on routes, currents, climate and hazards",D,passage-planning,1,2
chief-mate-master,"When selecting an ocean route, the vessel's seasonal load-line zone affects primarily the:",Permitted draught and loading condition,Gyro error,Radar range scale,Compass deviation,A,passage-planning,1,3
chief-mate-master,Why are prevailing currents considered during passage planning?,"They can affect course made good, speed and fuel consumption",They cancel leeway,They determine compass variation,They alter chart datum,A,passage-planning,1,4
chief-mate-master,A gnomonic chart is used in ocean planning because a great-circle track appears as:,A straight line,A circle,A rhumb line,A spiral,A,great-circle-sailing,1,5
chief-mate-master,"After drawing a great-circle track on a gnomonic chart, how is it normally transferred to a Mercator chart?",As a series of waypoints joined by rhumb-line legs,As a single straight line,By copying latitude only,By converting it to magnetic bearings,A,great-circle-sailing,1,6
chief-mate-master,"On a Mercator chart, a rhumb line appears as:",A straight line crossing meridians at a constant angle,A curve convex to the equator,A meridian only,A small circle,A,rhumb-line-sailing,1,7
chief-mate-master,The chief advantage of a great-circle route between distant points is that it:,Maintains constant course,Requires no waypoints,Usually gives the shortest surface distance,Avoids all adverse weather,C,great-circle-sailing,1,8
chief-mate-master,A composite great-circle route is commonly chosen to:,Maintain one compass course,Eliminate meridian convergence,Avoid exceeding a limiting latitude,Avoid using a Mercator chart,C,great-circle-sailing,1,9
chief-mate-master,The vertex of a great circle is the point at which the track reaches its:,Maximum longitude,Minimum distance from land,Maximum latitude,Maximum alteration of course,C,great-circle-sailing,1,10
chief-mate-master,"For a same-name difference of longitude in rhumb-line sailing, the east-west component is found using:",Polar distance,Meridional parts only,Amplitude,Departure,D,rhumb-line-sailing,1,11
chief-mate-master,"A vessel steams 360 miles at 15 knots. Ignoring delays, the passage time is:",18 hours,20 hours,24 hours,30 hours,C,eta-time,1,12
chief-mate-master,A ship has 420 miles remaining and makes good 14 knots. Its approximate time to go is:,35 hours,28 hours,24 hours,30 hours,D,eta-time,1,13
chief-mate-master,"When clocks are advanced one hour for daylight-saving time, local civil time becomes:",One hour ahead of standard time,One hour behind standard time,Equal to UTC everywhere,Independent of zone time,A,eta-time,1,14
chief-mate-master,"When converting an ETA from UTC to a zone whose description is minus 8, zone time is:",UTC minus 8 hours,UTC plus 8 hours,UTC divided by 8,Always the previous date,B,eta-time,1,15
chief-mate-master,The most important early consideration when planning a landfall is to:,Ignore tidal streams until visual contact,Approach at full speed,"Choose a conspicuous, positively identifiable approach with safe water",Rely on one GNSS position,C,landfall-pilotage,1,16
chief-mate-master,"When making a landfall after a long ocean passage, the navigator should initially assume that:",Position uncertainty may be significant,The DR position is exact,Radar ranges have no error,The lighthouse will be visible at charted range,A,landfall-pilotage,1,17
chief-mate-master,A vessel joining a traffic lane should normally do so:,At as small an angle to the traffic flow as practicable,At right angles,Against the traffic flow,Through the separation zone,A,routeing-vts,1,18
chief-mate-master,A vessel crossing a traffic separation scheme should cross:,On a heading as nearly as practicable at right angles to the traffic flow,Through the separation zone,Parallel to the lane,Only after anchoring,A,routeing-vts,1,19
chief-mate-master,The main objective of ship routeing is to:,Remove the master's responsibility,Replace COLREGs,Improve safety in converging or congested areas and environmentally sensitive waters,Guarantee priority to large vessels,C,routeing-vts,1,20
chief-mate-master,"In a mandatory ship-reporting system, the master should:",Report only after an incident,Comply with the prescribed report content and timing,Transmit cargo details on open VHF regardless of instructions,Wait for the pilot to report,B,routeing-vts,1,21
chief-mate-master,"Before entering a VTS area, the bridge team should first confirm:",Only the pilot's name,Crew leave arrangements,The vessel's paint condition,"Reporting points, channels, required information and local procedures",D,routeing-vts,1,22
chief-mate-master,VTS information received by a vessel:,Relieves the master of responsibility,Must always be followed as a helm order,Replaces the passage plan,Supports decision-making but does not replace the master's responsibility,D,routeing-vts,1,23
chief-mate-master,"When navigating near ice, the safest general practice is to:",Maintain maximum speed to reduce exposure,Proceed at a safe speed with enhanced lookout and engines ready,Use radar alone,Enter ice only at night,B,ice-navigation,1,24
chief-mate-master,The master should obtain ice information before entering an ice region because:,Load lines do not apply in ice,Ice has no effect on radar,Charted ice limits are permanent,Ice conditions can change rapidly and may invalidate the planned route,D,ice-navigation,1,25
chief-mate-master,"When ice accretion is expected on deck, the principal stability concern is:",A reduction of KG,A rise in KG and possible asymmetric heeling moment,An increase in freeboard,A reduction in windage,B,ice-navigation,1,26
chief-mate-master,"Prior to sailing, the bridge team should verify that:","The passage plan is appraised, completed, checked and approved by the master",Only the first course is plotted,The ECDIS safety contour is left at its previous value,The pilot will prepare the plan,A,bridge-procedures,1,27
chief-mate-master,"Before arrival in port, a bridge checklist should include:",Crew payroll,"Steering tests, communications, navigation equipment and berthing information",Cargo claims from the last port,Only victualling totals,B,bridge-procedures,1,28
chief-mate-master,"Approaching high traffic density, the master should consider:",Reducing the lookout to avoid distraction,Strengthening the bridge team and ensuring engines are ready as appropriate,Turning off AIS,Suspending position monitoring,B,bridge-procedures,1,29
chief-mate-master,"In reduced visibility, the bridge team should:","Post a proper lookout, use radar systematically and proceed at a safe speed",Rely solely on AIS,Maintain sea speed until another vessel is sighted,Use only visual bearings,A,bridge-procedures,1,30
chief-mate-master,A watch handover should be postponed when:,The relieving officer is fully informed,The ship is in open water,The master is on the bridge,A manoeuvre or hazardous situation demands the officer's full attention,D,watchkeeping,1,31
chief-mate-master,"During watch handover, the relieving officer should be informed of:",Private crew matters,"Position, course, traffic, weather, equipment status and standing orders",Only the gyro heading,Only the next meal time,B,watchkeeping,1,32
chief-mate-master,The daily at-sea bridge routine should include checking:,The pilot card only,Only accommodation temperatures,Cargo documentation only,"Chronometers, compass errors, chart corrections and navigation equipment as applicable",D,bridge-procedures,1,33
chief-mate-master,"During master-pilot exchange, which item is essential?",The pilot's home address,The last dry-dock invoice,The crew's wage scale,"The intended passage, manoeuvring data, tug use, berthing plan and local hazards",D,pilotage,1,34
chief-mate-master,"After a pilot boards, responsibility for safe navigation:",Transfers entirely to the pilot,Transfers to VTS,Remains with the master and bridge team,Is suspended until berthing,C,pilotage,1,35
chief-mate-master,"Near an offshore installation, a vessel should confirm:",Only the nearest port's tide,That AIS may be switched off,"Safety-zone restrictions, fairways, traffic and any reporting requirements",That the installation must alter course,C,offshore-navigation,1,36
chief-mate-master,A safety zone around an offshore installation is intended primarily to:,Replace charted fairways,Provide an anchorage,Create a fishing area,Reduce collision risk and protect the installation and vessels,D,offshore-navigation,1,37
chief-mate-master,The most suitable position-fixing method in confined coastal waters is normally:,A single DR position,"Frequent fixes using independent, well-spread observations",One noon sight per day,AIS targets only,B,position-fixing,1,38
chief-mate-master,The interval between position fixes should be reduced when:,The chart scale decreases offshore,The vessel enters confined water or approaches danger,The sea is calm,The vessel is stopped in safe anchorage,B,position-fixing,1,39
chief-mate-master,Which factor most strongly determines the maximum safe fixing interval?,The vessel's call sign,Distance and time to the nearest navigational hazard,The number of crew onboard,The colour of the chart,B,position-fixing,1,40
chief-mate-master,"For a three-bearing visual fix, accuracy is generally improved when the bearings:",Are converted to magnetic after plotting,Intersect at small angles,Are all of the same object,Are well spread and taken nearly simultaneously,D,position-fixing,1,41
chief-mate-master,A transit bearing is especially valuable because it can provide:,An automatic depth correction,A sensitive indication of cross-track movement,A tidal height,A gyro speed correction,B,position-monitoring,1,42
chief-mate-master,Parallel indexing is primarily used to:,Identify stars,Calculate magnetic deviation,Continuously monitor a vessel's track relative to radar-conspicuous features,Correct echo-sounder draught,C,position-monitoring,1,43
chief-mate-master,A parallel index line should be prepared with reference to:,An uncharted fishing buoy,A moving AIS target,The vessel's magnetic compass bowl,A suitable fixed radar target and the planned passing distance,D,position-monitoring,1,44
chief-mate-master,The principal precaution when using parallel indexing is to:,Turn off charted danger alarms,Use only floating targets,Assume radar range has no error,Treat it as monitoring information and continue independent position fixing,D,position-monitoring,1,45
chief-mate-master,"For celestial observations, the best selection of stars generally has:",Similar azimuths and very low altitudes,Well-spread azimuths and suitable altitudes,Only northerly azimuths,Identical magnitudes,B,celestial-navigation,1,46
chief-mate-master,A star at an extremely low altitude is usually avoided because:,The sextant cannot measure it,Refraction uncertainty is increased,Its declination becomes zero,It has no azimuth,B,celestial-navigation,1,47
chief-mate-master,"In the intercept method, an observation giving Ho greater than Hc is plotted:",Toward the body's azimuth,At right angles to the meridian only,Along the vessel's heading,Away from the body's azimuth,A,celestial-navigation,1,48
chief-mate-master,"In the intercept method, an observation giving Ho less than Hc is plotted:",Toward the body,Away from the body,At the DR position without an intercept,On the equator,B,celestial-navigation,1,49
chief-mate-master,The intercept distance in nautical miles equals:,The difference between Ho and Hc in minutes of arc,The azimuth divided by 60,The difference in longitude in degrees,The polar distance,A,celestial-navigation,1,50
chief-mate-master,A celestial position line is drawn:,Along the calculated azimuth,Parallel to the equator in all cases,Through the geographical position only,Perpendicular to the body's azimuth through the intercept point,D,celestial-navigation,1,51
chief-mate-master,"When advancing an earlier celestial position line, it is moved by the:",Sextant index error only,Course and distance made good to the common time,Compass deviation,Change in declination only,B,celestial-navigation,1,52
chief-mate-master,A long-period celestial running fix is especially sensitive to errors in:,Star colour,Course and distance made good between sights,Chronometer winding direction,Chart paper size,B,celestial-navigation,1,53
chief-mate-master,A systematic error in several position lines tends to:,Cancel completely in every fix,Displace the lines in a consistent manner,Affect only vessel speed,Produce random azimuths,B,celestial-navigation,1,54
chief-mate-master,The most probable position from several celestial lines should account for:,Only the DR position,Only the earliest sight,"Geometry, observation quality and any identified systematic error",The brightest star only,C,celestial-navigation,1,55
chief-mate-master,A small cocked hat does not by itself prove an accurate fix because:,Chart scale has no effect,A common systematic error may shift all position lines,Random errors never occur,Three lines cannot form a fix,B,position-accuracy,1,56
chief-mate-master,Random observational errors are reduced most effectively by:,Using one object repeatedly at the same instant,Applying the same correction twice,Taking several careful independent observations,Ignoring outliers without review,C,position-accuracy,1,57
chief-mate-master,A position fix should be treated as unreliable when:,The plotted symbol is small,The vessel is making way,Independent methods disagree beyond their expected errors,The fix uses three lines,C,position-accuracy,1,58
chief-mate-master,"When GNSS and visual positions differ materially, the officer should first:",Use GNSS without question,Average the positions automatically,Delete the visual position,"Investigate datum, sensor, plotting and identification errors and obtain another independent fix",D,position-accuracy,1,59
chief-mate-master,A continuous position-monitoring system should be checked against:,Independent fixing methods and the passage plan,The same sensor only,AIS destination data,Engine revolutions only,A,position-monitoring,1,60
chief-mate-master,An official electronic chart used in ECDIS is:,Any scanned chart image,An ENC issued by or on the authority of a hydrographic office,Any crowd-sourced depth map,A weather-routing chart,B,ecdis,1,61
chief-mate-master,"When ECDIS is operating in RCDS mode, the navigator should remember that:",Raster charts lack the full object intelligence and alarms of ENCs,All chart objects can be queried,Safety contours are generated automatically from vector data,No paper-chart backup is ever required,A,ecdis,1,62
chief-mate-master,An ECDIS safety contour should be selected after considering:,The next waypoint name,"Draught, squat, heel, tide, UKC policy and uncertainty",Only the chart's colour palette,The AIS range,B,ecdis,1,63
chief-mate-master,"If the exact desired safety contour is unavailable in an ENC, ECDIS normally uses:",The coastline,The next shallower contour,No contour,The next deeper available contour,D,ecdis,1,64
chief-mate-master,Over-reliance on ECDIS can be reduced by:,Suppressing all alarms,"Cross-checking with radar, visual, echo-sounder and other independent information",Using the smallest display scale,Leaving sensor offsets unverified,B,ecdis,1,65
chief-mate-master,A compilation-scale warning indicates that:,The chart is being displayed at a scale larger than its compilation scale,The vessel is outside GNSS coverage,The gyro has failed,The tide is below datum,A,ecdis,1,66
chief-mate-master,"Before accepting an ECDIS route, the officer should:",Run route checks and visually inspect every leg at suitable scale,Check only the departure leg,Assume alarms prove the route safe,Disable isolated-danger symbols,A,ecdis,1,67
chief-mate-master,A GNSS position may be precise but unsafe to use if:,The vessel is stopped,The wrong chart datum or sensor offset is applied,The receiver shows UTC,Many satellites are visible,B,navigation-equipment,1,68
chief-mate-master,AIS information should not be used as the sole means of collision avoidance because:,It always reports true aspect,It has unlimited range,"It may be incorrect, delayed, absent or based on entered data",It replaces radar plotting,C,navigation-equipment,1,69
chief-mate-master,A speed log supplying speed through the water is most directly useful for:,Determining chart datum,Measuring wind force,Assessing vessel motion relative to the water and some collision calculations,Correcting magnetic variation,C,navigation-equipment,1,70
chief-mate-master,A Doppler log in bottom-track mode measures speed relative to:,The apparent wind,The water mass,The seabed,The gyro meridian,C,navigation-equipment,1,71
chief-mate-master,The echo sounder reading should be interpreted after allowing for:,Wind direction only,"Transducer setting, draught, tide and seabed characteristics",AIS latency only,Compass deviation only,B,navigation-equipment,1,72
chief-mate-master,Gyro error determined from a transit is found by comparing:,Radar range with visual range,Magnetic bearing with compass deviation,Observed gyro bearing with the charted true bearing,Azimuth with altitude,C,compass-error,1,73
chief-mate-master,"If true bearing is 120 degrees and gyro bearing is 117 degrees, the gyro error is:",3 degrees east,3 degrees west,237 degrees east,No error,A,compass-error,1,74
chief-mate-master,"If true bearing is 080 degrees and gyro bearing is 084 degrees, the gyro error is:",4 degrees west,164 degrees west,4 degrees east,No error,A,compass-error,1,75
chief-mate-master,Magnetic compass deviation is obtained after allowing the observed compass bearing for:,Tidal stream,Dip only,Variation to relate magnetic and true directions,Gyro speed error,C,compass-error,1,76
chief-mate-master,"If variation is 5 degrees west and magnetic bearing is 090 degrees, the true bearing is:",085 degrees,090 degrees,095 degrees,275 degrees,A,compass-error,1,77
chief-mate-master,Compass error from a celestial body is determined by comparing its:,Calculated true azimuth with observed compass bearing,Declination with latitude,Altitude with dip,Magnitude with brightness,A,compass-error,1,78
chief-mate-master,"A rendezvous calculation requires both vessels' positions, courses and speeds primarily to determine:",Tidal height only,Compass deviation,An interception course and time,Load-line zone,C,sar-rendezvous,1,79
chief-mate-master,"When calculating a SAR rendezvous, the intercept point must be:",At the casualty's original position,At the midpoint regardless of speed,On a meridian,Reachable by both vessels at the same time,D,sar-rendezvous,1,80
chief-mate-master,The On-Scene Coordinator's central function is to:,Determine salvage ownership,Assume legal command of every ship,Suspend reports to the rescue coordination centre,Coordinate search units and communications in accordance with the SAR plan,D,search-rescue,1,81
chief-mate-master,"On taking OSC duties, an officer should establish:",A new vessel registry,Pilotage exemptions,Cargo-loading priorities,"A common search plan, communications schedule and reporting arrangement",D,search-rescue,1,82
chief-mate-master,Search patterns should be selected mainly according to:,The nearest time zone,The OSC vessel's paint scheme,"Datum uncertainty, target type, available units, weather and visibility",Crew nationality,C,search-rescue,1,83
chief-mate-master,The principles of a safe navigational watch require the OOW to:,Maintain situational awareness and remain in charge until properly relieved,Leave the bridge whenever alarms are active,Rely on the helmsman for collision assessment,Perform distracting administrative work in traffic,A,watchkeeping,1,84
chief-mate-master,The composition of the bridge team should be increased when:,"Workload, traffic, weather or navigational complexity rises",The passage becomes less demanding,The vessel is securely alongside,Only one radar is available in open ocean,A,bridge-team,1,85
chief-mate-master,Fatigue risk in bridge-team planning is best controlled by:,Caffeine alone,Extending watches without relief,Reducing handovers,"Adequate rest, realistic schedules, task allocation and calling additional personnel",D,bridge-team,1,86
chief-mate-master,Standing orders should clearly state:,Only the next port,Only meal hours,The pilot's instructions,When the master must be called and the master's expectations for the watch,D,standing-orders,1,87
chief-mate-master,Night orders should:,Supplement standing orders with voyage-specific instructions and call points,Replace COLREGs,Be issued verbally only,Remove the OOW's duty to act,A,standing-orders,1,88
chief-mate-master,"If circumstances require immediate action, the OOW should:",Take necessary action and call the master without delay,Wait for the master before acting,Call the engine room only,Maintain course regardless,A,watchkeeping,1,89
chief-mate-master,Engineering-watch readiness during pilotage should reflect:,The need for prompt propulsion response and the passage risk assessment,The catering schedule,The deck paint plan,The vessel's flag only,A,bridge-team,1,90
chief-mate-master,A systematic radar plot primarily provides:,The exact intentions of the target,The target's cargo manifest,The target's compass error,"Target relative motion, CPA, TCPA and an assessment of collision risk",D,radar-arpa,1,91
chief-mate-master,A target with constant bearing and decreasing range indicates:,Risk of collision may exist,The target is definitely anchored,The target will pass safely astern,The own ship is stopped,A,radar-arpa,1,92
chief-mate-master,"Before acting on an ARPA vector, the OOW should confirm:",The target name is displayed,"Tracking is stable and vector mode, length and sensor inputs are understood",AIS and ARPA speeds are identical,The vector colour is preferred,B,radar-arpa,1,93
chief-mate-master,A relative vector on a relative-motion display represents:,The target's motion relative to own ship,The target's true course only,Own ship's leeway only,The gyro error,A,radar-arpa,1,94
chief-mate-master,A true vector is most useful for assessing:,The target's estimated true course and speed,Only CPA,Charted depth,Magnetic variation,A,radar-arpa,1,95
chief-mate-master,"After own ship alters course, ARPA solutions may be temporarily unreliable because:",The gyro becomes magnetic,Radar echoes cease,AIS becomes mandatory,The system needs time to stabilise new motion estimates,D,radar-arpa,1,96
chief-mate-master,"When several targets present collision risk, action should be planned to:",Make a succession of small alterations,Maximise CPA with only the closest target,Produce safe passing distances for the developing situation as a whole,Satisfy AIS vectors only,C,radar-arpa,1,97
chief-mate-master,Sea clutter controls set too high may:,Increase antenna height,Correct gyro error,Suppress echoes from small targets,Improve all target detection,C,radar-arpa,1,98
chief-mate-master,Radar range accuracy depends in part on correct:,Vessel displacement,Magnetic variation,Wind speed,Timing and equipment calibration,D,radar-arpa,1,99
chief-mate-master,The optimum use of integrated navigation equipment requires:,Understanding sensor dependencies and cross-checking independent sources,Accepting the integrated display without verification,Using AIS as the primary position sensor,Selecting identical alarm limits in all waters,A,integrated-navigation,1,100
chief-mate-master,A rate-of-turn indicator is particularly useful when:,Finding compass variation,Measuring tidal height,Monitoring and controlling a planned alteration in confined water,Selecting stars,C,integrated-navigation,1,101
chief-mate-master,An anemometer assists command decisions by indicating:,"Relative or true wind information, subject to system configuration",Under-keel clearance,Set and drift directly,Gyro error,A,integrated-navigation,1,102
chief-mate-master,Blind pilotage should be prepared using:,A single GNSS waypoint,AIS names alone,"A detailed plan with radar references, parallel indexes, clearing limits and team roles",Visual bearings that cannot be seen,C,blind-pilotage,1,103
chief-mate-master,"During blind pilotage, position should be monitored by:",Dead reckoning only,Multiple appropriate means with clearly assigned bridge-team tasks,Echo sounder alone,The pilot alone,B,blind-pilotage,1,104
chief-mate-master,The principal limitation of an electronic navigational aid is that:,It removes human error,It can fail or present plausible but erroneous information,It always identifies sensor bias,It guarantees adequate UKC,B,integrated-navigation,1,105
chief-mate-master,"If a primary position sensor fails during coastal navigation, the immediate response should include:",Continuing unchanged until the next port,Disabling all alarms,Changing to verified alternatives and increasing manual position monitoring,Using AIS destination data,C,integrated-navigation,1,106
chief-mate-master,ECDIS route monitoring does not remove the need to:,Set alarm limits,Display the planned route,Maintain lookout and verify position by appropriate independent means,Use official chart data,C,ecdis,1,107
chief-mate-master,A chart permit or update failure should prompt the officer to:,Reduce the safety contour,"Identify the affected coverage and provide an approved, corrected alternative before sailing",Use an internet map,Ignore the warning if GNSS works,B,ecdis,1,108
chief-mate-master,A tropical revolving storm's dangerous semicircle is generally the side where:,Pressure is highest,The eye is always visible,Storm translational wind adds to rotational wind,Waves are absent,C,weather-routeing,1,109
chief-mate-master,The first priority when avoiding a tropical revolving storm is to:,Determine the vessel's position relative to the storm and keep well clear using forecast and observed data,Steer directly toward the eye,Rely on barometer alone,Wait until hurricane-force winds arrive,A,weather-routeing,1,110
chief-mate-master,A rapid fall in barometric pressure with increasing swell may indicate:,A rising chart datum,Approach of a severe weather system,Permanent gyro error,Loss of compass deviation,B,weather-routeing,1,111
chief-mate-master,An advantage of commercial weather routeing is:,Access to forecasts and route optimisation support,Transfer of command responsibility ashore,Guaranteed absence of heavy weather,Removal of reporting duties,A,weather-routeing,1,112
chief-mate-master,A disadvantage of weather routeing advice is that:,It is prohibited on ocean passages,It cannot consider weather,It always increases fuel consumption,Forecast uncertainty and vessel-specific limitations still require onboard judgment,D,weather-routeing,1,113
chief-mate-master,"At a standard port, tidal height at an intermediate time is found from:",The port's predicted high and low waters using the appropriate interpolation method,The nearest secondary-port correction only,Charted depth without prediction,Air pressure alone,A,tides,1,114
chief-mate-master,"For a secondary port, high- and low-water predictions are normally obtained by:",Adding chart datum to air draught,Using the standard port values unchanged,Applying published time and height corrections to the standard port,Using tidal streams only,C,tides,1,115
chief-mate-master,Neap tides generally have:,No tidal stream,A larger range than springs,A smaller tidal range than springs,No high water,C,tides,1,116
chief-mate-master,Under-keel clearance at a given time is based on available depth minus:,The freeboard only,The charted height,The masthead height,"The vessel's effective draught, including relevant allowances",D,tides-ukc,1,117
chief-mate-master,Available water depth is normally calculated as:,Charted depth minus height of tide,Drying height plus freeboard,Draught plus air draught,Charted depth plus height of tide,D,tides-ukc,1,118
chief-mate-master,A charted drying height of 1.5 m means the feature is:,Always 1.5 m above water,1.5 m above chart datum,1.5 m below chart datum,Measured from mean sea level only,B,tides-ukc,1,119
chief-mate-master,"For overhead clearance, the relevant water-level calculation compares:",Mast height with gyro error,Charted depth with vessel breadth,The obstruction's charted vertical clearance with the vessel's air draught and tide reference,Draught with freeboard,C,tides-ukc,1,120
chief-mate-master,"If masthead-to-keel distance is 42 m and draught is 10 m, the static air draught is:",32 m,42 m,52 m,4.2 m,A,tides-ukc,1,121
chief-mate-master,"A channel has charted depth 9 m and height of tide 2.5 m. For a draught of 10 m, static UKC is:",1.5 m,0.5 m,2.5 m,11.5 m,A,tides-ukc,1,122
chief-mate-master,"A bridge has vertical clearance 35 m at the stated datum. If the effective air draught is 33 m, the clearance margin is:",1 m,3 m,68 m,2 m,D,tides-ukc,1,123
chief-mate-master,Tidal stream atlases normally express stream rates relative to:,The vessel's ETA only,Local noon,Sunrise only,A stated number of hours before or after high water at a reference port,D,tidal-streams,1,124
chief-mate-master,"To estimate tidal stream at an intermediate time, the navigator should:",Use wind direction as the stream,Use the relevant tidal stream table or atlas and interpolate where instructed,Assume the spring rate at all times,Apply magnetic variation,B,tidal-streams,1,125
chief-mate-master,"Following engine failure in confined water, the bridge should immediately:",Switch off radar,Wait for shore instructions before acting,"Assess danger, warn traffic and relevant authorities, display signals and use anchors/tugs as appropriate",Alter the chart datum,C,navigation-emergencies,1,126
chief-mate-master,"After steering-gear failure, the first bridge actions include:",Turning off alarms,Increasing speed,"Engaging emergency steering procedures, reducing risk and establishing communications",Changing to magnetic north,C,navigation-emergencies,1,127
chief-mate-master,"If radar fails in restricted visibility, the master should consider:",Using only visual bearings,Maintaining full speed because AIS remains,Continuing without informing the engine room,"Reducing speed, strengthening lookout, using alternatives and moving clear of danger",D,navigation-emergencies,1,128
chief-mate-master,"On the onset of adverse weather, the bridge should:",Open all weather doors,Continue the plan without review,"Reassess route, speed, stability, securing and machinery readiness",Disable motion alarms,C,navigation-emergencies,1,129
chief-mate-master,"When working with a helicopter, the ship should:",Transmit continuously on every channel,Create maximum roll,Follow the agreed communications and course/speed instructions and prepare the operating area,Direct exhaust toward the operating area,C,sar-operations,1,130
chief-mate-master,Personnel near a helicopter winching area should:,Wear unsecured headgear,Touch the wire before it is earthed if required,Control loose objects and follow the helicopter crew's instructions,Stand directly beneath an approaching load,C,sar-operations,1,131
chief-mate-master,"When recovering survivors from a small craft, the bridge team should consider:",Switching off deck lighting,Only the craft's paint colour,Maximum speed alongside,"Lee creation, relative motion, propeller danger and communications",D,sar-operations,1,132
chief-mate-master,A navigational standing order requiring the master to be called:,Transfers the watch to the master automatically,Does not prevent the OOW taking immediate action for safety,Permits the OOW to delay collision action,Applies only in daylight,B,standing-orders,1,133
chief-mate-master,An adequate engineering watch for arrival should be arranged:,Only after the pilot boards,Early enough to meet manoeuvring and emergency-readiness requirements,Only if tugs are unavailable,By VTS,B,bridge-team,1,134
chief-mate-master,Current Merchant Shipping Notices relevant to navigation should be consulted because they:,Replace all international conventions,May contain mandatory requirements or detailed implementation guidance,Are historical documents only,Apply only to fishing vessels,B,best-practice,1,135
chief-mate-master,Marine Guidance Notes generally provide:,Chart corrections only,A ship's statutory certificate,Guidance and interpretation on maritime safety matters,Port clearance,C,best-practice,1,136
chief-mate-master,Marine Information Notes generally communicate:,Pilot orders,Permanent changes to COLREGs,The vessel's stability booklet,Information of a more temporary or administrative nature,D,best-practice,1,137
chief-mate-master,"Under the ISM Code, navigation procedures should be:",Left entirely to individual preference,Replaced by the charterer's instructions,Documented within the safety management system and implemented onboard,Used only after an accident,C,ism-navigation,1,138
chief-mate-master,The ISM Code requires identified navigation risks to be managed through:,Shore control of every helm order,"Safe practices, defined responsibilities, procedures and continuous improvement",Removing all bridge alarms,Eliminating master's authority,B,ism-navigation,1,139
chief-mate-master,A voyage-optimisation measure supporting decarbonisation is to:,Plan speed and route to reduce unnecessary fuel while preserving safety margins,Reduce UKC below policy,Avoid weather forecasts,Disable engine-performance monitoring,A,decarbonisation,1,140
chief-mate-master,Just-in-time arrival can reduce emissions by:,Increasing ballast voyages,Avoiding high-speed steaming followed by waiting at anchor,Extending pilotage time,Removing passage-plan contingencies,B,decarbonisation,1,141
chief-mate-master,"When optimising for fuel, the master must give priority to:",The lowest possible speed in every circumstance,Weather-routeing advice over seaworthiness,Charter instructions over COLREGs,"Safety, legal obligations and the prevailing conditions",D,decarbonisation,1,142
chief-mate-master,Cross-track limits in a passage plan should be:,"Set for each leg with regard to navigable water, hazards and position accuracy",The same for every voyage,Based only on vessel length,Omitted when ECDIS is fitted,A,passage-planning,1,143
chief-mate-master,A no-go area on a passage plan represents:,A VTS reporting point,An optional anchorage,A radar blind sector,Water the vessel must not enter under the planned conditions,D,passage-planning,1,144
chief-mate-master,A wheel-over position should allow for:,Only compass deviation,"Speed, rate of turn, vessel manoeuvring characteristics and environmental effects",Only the next course,The pilot's boarding time,B,passage-planning,1,145
chief-mate-master,Squat should be allowed for because it can:,Reduce displacement,Increase charted depth,Correct list,Increase effective draught and alter trim in shallow or confined water,D,tides-ukc,1,146
chief-mate-master,A clearing bearing is used to:,Measure radar performance,Determine tidal height,Calculate star azimuth,Provide a limit indicating whether the vessel remains clear of a hazard,D,position-monitoring,1,147
chief-mate-master,"When a radar conspicuous object and its AIS symbol do not coincide, the officer should:",Suppress the target,"Investigate sensor alignment, target data and association before relying on either",Assume the AIS position is correct,Move the radar echo to the AIS symbol,B,integrated-navigation,1,148
chief-mate-master,A bridge-team briefing before a critical passage should establish:,Only the ETA,Only the helm order language,"The plan, hazards, roles, call criteria, contingencies and communications",The cargo stowage sequence,C,bridge-team,1,149
chief-mate-master,The final authority to depart from a passage plan when safety requires rests with:,The ECDIS manufacturer,The chart agent,The weather-routing company,"The master, with actions and reasons properly managed and recorded",D,passage-planning,1,150
